{
  "project_info": {
    "project_number": "1055552610870",
    "firebase_url": "https://escape-the-dungeon.firebaseio.com",
    "project_id": "escape-the-dungeon",
    "storage_bucket": "escape-the-dungeon.appspot.com"
  },
  "client": [
    {
      "client_info": {
        "mobilesdk_app_id": "1:1055552610870:android:8f8986c2a768c2fa",
        "android_client_info": {
          "package_name": "com.Project.EscapeTheDungeon"
        }
      },
      "oauth_client": [
        {
          "client_id": "1055552610870-gg7stcbd84aupnm3pb6hmtlgsk9ktp7g.apps.googleusercontent.com",
          "client_type": 3
        }
      ],
      "api_key": [
        {
          "current_key": "AIzaSyDylRDPdP6zvnnLHhq60ztpTwZTdEX7tn8"
        }
      ],
      "services": {
        "analytics_service": {
          "status": 1
        },
        "appinvite_service": {
          "status": 1,
          "other_platform_oauth_client": []
        },
        "ads_service": {
          "status": 2
        }
      }
    }
  ],
  "configuration_version": "1"
}