<!-- Copyright (C) 2018 Google Inc. All Rights Reserved.

FirebaseAuth iOS and Android Dependencies.
-->

<dependencies>
  <iosPods>
    <iosPod name="Firebase/Auth" version="5.9.0" minTargetSdk="8.0">
    </iosPod>
  </iosPods>
  <androidPackages>
    <androidPackage spec="com.google.firebase:firebase-auth:16.0.5">
    </androidPackage>
    <androidPackage spec="com.google.firebase:firebase-core:16.0.4">
    </androidPackage>
    <androidPackage spec="com.google.firebase:firebase-auth-unity:5.4.0">
      <repositories>
        <repository>Assets/Firebase/m2repository</repository>
      </repositories>
    </androidPackage>
  </androidPackages>
</dependencies>

